name	target_name	reverse_score	score	presence_ratio	matched_peaks_count
Acenaphthylene	Acenaphthylene	0.683615743064612	0.354585245861373	0.315789473684211	6
beta-Hexachlorocyclohexane	beta-Hexachlorocyclohexane	0.175880761269498	0.0369969515557257	0.246376811594203	17
epsilon-Hexachlorocyclohexane	epsilon-Hexachlorocyclohexane	0.321387617106809	0.0681118957037871	0.318181818181818	21
Lindane	Lindane	0.282113775903856	0.0263525507660333	0.223880597014925	15
delta-Hexachlorocyclohexane	delta-Hexachlorocyclohexane	0.268692332254443	0.0256006992942614	0.3125	20
alpha-1,2,3,4,5,6-Hexachlorocyclohexane	alpha-1,2,3,4,5,6-Hexachlorocyclohexane	0.339223661222828	0.0460027584403349	0.338709677419355	21
alpha-1,2-Dibromo-4-(1,2-dibromoethyl)cyclohexane	alpha-1,2-Dibromo-4-(1,2-dibromoethyl)cyclohexane	0.0	0.0	0.0	0
1,2-Benzanthraquinone	1,2-Benzanthraquinone	0.491122708707988	0.246706559559347	0.340909090909091	15
Anthracene	Anthracene	0.791065405824481	0.405394612201405	0.476190476190476	10
Ethiprole	Ethiprole	0.188899425729047	0.0398392599867764	0.0373134328358209	10
Tebuthiuron	Tebuthiuron	0.277940937215481	0.0295134188133813	0.105263157894737	2
Pyraclostrobin	Pyraclostrobin	0.460148693572527	0.0527203584433902	0.5625	9
Octrizole	Octrizole	0.518320315407443	0.151880297836503	0.5	8
Drometrizole	Drometrizole	0.588701094415478	0.198711967246296	0.275862068965517	8
Carfentrazone-ethyl	Carfentrazone-ethyl	0.138155925413858	0.0664133873887951	0.325301204819277	27
Bumetrizole	Bumetrizole	0.170086969685882	0.0478704552466439	0.120879120879121	11
Sulfentrazone	Sulfentrazone	0.324008746073657	0.252803378183077	0.165217391304348	19
2,4-Di-tert-butyl-6-(5-chloro-2H-benzotriazol-2-yl)phenol	2,4-Di-tert-butyl-6-(5-chloro-2H-benzotriazol-2-yl)phenol	0.505713331236347	0.15154218696848	0.525	21
Cyazofamid	Cyazofamid	0.0631366034860698	0.0489723206557695	0.0615384615384615	4
Fipronil	Fipronil	0.597545645227685	0.246718557027312	0.338983050847458	20
4,4'-Dichlorodiphenyldichloroethane	4,4'-Dichlorodiphenyldichloroethane	0.0	0.0	0.0	0
2,2',3,5'-Tetrachlorobiphenyl	2,2',3,5'-Tetrachlorobiphenyl	0.415208728341587	0.179802227231354	0.135802469135802	11
2,2',3,4',5,5'-Hexachloro-4-methoxybiphenyl	2,2',3,4',5,5'-Hexachloro-4-methoxybiphenyl	0.0697687832099883	0.0007222927405253	0.024390243902439	4
Carbetamide	Carbetamide	0.0192661252638501	0.0031529580477294	0.1875	3
2,3,3',4',6-Pentachlorobiphenyl	2,3,3',4',6-Pentachlorobiphenyl	0.0	0.0	0.0	0
Mepronil	Mepronil	0.133485544663261	0.030272844682019	0.214285714285714	3
2,6-Dichloro-4-nitroaniline	2,6-Dichloro-4-nitroaniline	0.120172165859707	0.0417624154125862	0.0425531914893617	4
2,3,3',4,5-Pentachlorobiphenyl	2,3,3',4,5-Pentachlorobiphenyl	0.762613715361616	0.475886684781483	0.603448275862069	35
Difenoconazole	Difenoconazole_isomer1	0.524179502276408	0.175414109818041	0.48936170212766	23
Difenoconazole	Difenoconazole_isomer2	0.624466136788347	0.133527892648274	0.262295081967213	16
Benzoximate	Benzoximate	0.0054484306027182	6.59835966042078e-05	0.0285714285714286	1
2,4,4'-Trichlorobiphenyl	2,4,4'-Trichlorobiphenyl	0.728816948815106	0.430207220249801	0.575	23
Hexabromobenzene	Hexabromobenzene	0.356126710573686	0.129260542837719	0.165137614678899	18
Pentachlorobenzene	Pentachlorobenzene	0.772046765808304	0.585087243143697	0.461538461538462	24
Pendimethalin	Pendimethalin	0.0	0.0	0.0	0
Furalaxyl	Furalaxyl	0.120473464453323	0.030872773708115	0.219512195121951	9
Mepanipyrim	Mepanipyrim	0.725475919970472	0.0933549574921879	0.25	3
Hexachlorobenzene	Hexachlorobenzene	0.875862497906431	0.686586369581703	0.66	33
2,3',4,6-Tetrachlorobiphenyl	2,3',4,6-Tetrachlorobiphenyl	0.728963772446862	0.449155761451388	0.557377049180328	34
Spirotetramat	Spirotetramat	0.119005748507143	0.0256620231182685	0.0379746835443038	6
2,2',5-Trichlorobiphenyl	2,2',5-Trichlorobiphenyl	0.0	0.0	0.0	0
Transfluthrin	Transfluthrin	0.402824359009688	0.162237529142611	0.290909090909091	16
Fenobucarb	Fenobucarb	0.0862359525682248	0.0045091111004879	0.133333333333333	2
Promecarb	Promecarb	0.154233848083348	0.0421172421097138	0.25	5
Spirodiclofen	Spirodiclofen	0.0311074325988737	0.0003171662433586	0.0089285714285714	1
Pyridaben	Pyridaben	0.350300057914784	0.211810273097868	0.423076923076923	11
2,3,4,5,6-Pentabromoethylbenzene	2,3,4,5,6-Pentabromoethylbenzene	0.038163046600333	0.002663643413113	0.0595238095238095	10
Flusilazole	Flusilazole	0.331592579926666	0.0975389002378576	0.244444444444444	11
Carboxin	Carboxin	0.727664544260436	0.37562937071044	0.4	8
2,3,3',4',5',6-Hexachlorobiphenyl	2,3,3',4',5',6-Hexachlorobiphenyl	0.721591709736466	0.535743638598305	0.54639175257732	53
2,2',5,5'-Tetrachlorobiphenyl	2,2',5,5'-Tetrachlorobiphenyl	0.731377117895433	0.442972887369742	0.528571428571429	37
2,3',5',6-Tetrachlorobiphenyl	2,3',5',6-Tetrachlorobiphenyl	0.744082835367759	0.49355285057004	0.529411764705882	27
Ethiofencarb	Ethiofencarb	0.141619423899139	0.0058545704281422	0.133333333333333	2
2,2',3,3',4,5',6,6'-Octachlorobiphenyl	2,2',3,3',4,5',6,6'-Octachlorobiphenyl	0.434666287280773	0.304949246397232	0.301587301587302	57
Bromuconazole	Bromuconazole_isomer1	0.636191278532405	0.108579223606815	0.631578947368421	24
Bromuconazole	Bromuconazole_isomer2	0.617725225527626	0.0968282941185072	0.536585365853659	22
Fenoxycarb	Fenoxycarb	0.109620746005914	0.0106644331690516	0.162162162162162	6
Triflumizole	Triflumizole	0.40256841025085	0.147948866764021	0.2109375	27
2-Ethylhexyl 2,3,4,5-Tetrabromobenzoate	2-Ethylhexyl 2,3,4,5-Tetrabromobenzoate	0.0030966753428956	4.63536201383299e-05	0.0087719298245614	1
Myclobutanil	Myclobutanil	0.186724735218631	0.0650585429864235	0.3	21
Methoxychlor	Methoxychlor	0.012196775555567	8.7939948289797e-05	0.024390243902439	1
Flufenacet	Flufenacet	0.301414939351566	0.0584802719119174	0.111111111111111	6
Picoxystrobin	Picoxystrobin	0.161712843461247	0.0378338490585295	0.213114754098361	13
2,4,6-Trichlorobiphenyl	2,4,6-Trichlorobiphenyl	0.750564094042754	0.479356674898239	0.537037037037037	29
Bisphenol A	Bisphenol A	0.405571688975832	0.240664378507329	0.379310344827586	11
2,2',3,4,4',5',6-Heptabromodiphenyl ether	2,2',3,4,4',5',6-Heptabromodiphenyl ether	0.368588954243618	0.139490453407228	0.263440860215054	49
Aminocarb	Aminocarb	0.25116229693109	0.118050008928152	0.172413793103448	5
4-tert-Octylphenol	4-tert-Octylphenol	0.5857259357049	0.210887323893913	0.384615384615385	5
Etoxazole	Etoxazole	0.278617438519777	0.130003918822222	0.256944444444444	37
Butafenacil	Butafenacil	0.628347375806063	0.327120910251402	0.666666666666667	8
2,2',3,3',4,4',5,5',6-Nonachlorobiphenyl	2,2',3,3',4,4',5,5',6-Nonachlorobiphenyl	0.0	0.0	0.0	0
2,3,3',4,5,6-Hexachlorobiphenyl	2,3,3',4,5,6-Hexachlorobiphenyl	0.749307600103233	0.526520484386681	0.519230769230769	54
2,4'-Dichlorodiphenyldichloroethane	2,4'-Dichlorodiphenyldichloroethane	0.679425893019839	0.126247966091454	0.466666666666667	21
Flutriafol	Flutriafol	0.172348030334002	0.062744323961501	0.111111111111111	3
Siduron	Siduron	0.0103376614328287	0.0027705096446486	0.0714285714285714	1
2,3,4,5,6-Pentabromobenzyl alcohol	2,3,4,5,6-Pentabromobenzyl alcohol	0.0	0.0	0.0	0
2,2',3,4',5,5',6-Heptachloro-4-methoxybiphenyl	2,2',3,4',5,5',6-Heptachloro-4-methoxybiphenyl	0.110471292077771	0.0003601042841225	0.0160427807486631	3
2,2',3,4,4',5',6-Heptachlorobiphenyl	2,2',3,4,4',5',6-Heptachlorobiphenyl	0.476286688309431	0.264090826484265	0.238461538461538	31
2,2',4,5,5'-Pentachlorobiphenyl	2,2',4,5,5'-Pentachlorobiphenyl	0.739059476089045	0.530354278667409	0.530864197530864	43
2-Chlorobiphenyl	2-Chlorobiphenyl	0.0	0.0	0.0	0
Monolinuron	Monolinuron	0.211795997833018	0.064945556619777	0.125	7
Pentabromobenzene	Pentabromobenzene	0.0094799439986597	4.19517867929848e-05	0.0238095238095238	2
Diethofencarb	Diethofencarb	0.123073191246696	0.0716743139649342	0.0909090909090909	4
Tetraconazole	Tetraconazole	0.324382435855344	0.0885759566446246	0.48936170212766	23
4-Methoxybenzyl alcohol	4-Methoxybenzyl alcohol	0.186617683276013	0.126749017502083	0.16	4
2,2',4,4',5,5'-Hexachlorobiphenyl	2,2',4,4',5,5'-Hexachlorobiphenyl	0.697495513161279	0.449323543635251	0.516949152542373	61
3,3',4,5,5'-Pentachlorobiphenyl	3,3',4,5,5'-Pentachlorobiphenyl	0.808505780928253	0.443412556899961	0.576271186440678	34
Pyriproxyfen	Pyriproxyfen	0.306793959826278	0.0459068631403565	0.285714285714286	6
Fenarimol	Fenarimol	0.429135907020878	0.297247010872355	0.304878048780488	25
Butylated hydroxytoluene	Butylated hydroxytoluene	0.534927320298456	0.246319818159826	0.380952380952381	16
Iprovalicarb	Iprovalicarb isomer 2	0.0194660612454928	0.0003217246919456	0.0625	2
Iprovalicarb	Iprovalicarb isomer 1	0.212734635571831	0.0849409004786107	0.117647058823529	4
Bifenthrin	Bifenthrin	0.735667129541028	0.358972452217758	0.714285714285714	15
Trifloxystrobin	Trifloxystrobin	0.421192130788774	0.131882768047159	0.340425531914894	16
2,2',3,4,5'-Pentachlorobiphenyl	2,2',3,4,5'-Pentachlorobiphenyl	0.0	0.0	0.0	0
2,3,4,5,6-Pentabromotoluene	2,3,4,5,6-Pentabromotoluene	0.0338496592310506	0.001033557039999	0.0526315789473684	5
2,3',4,4',5',6-Hexachlorobiphenyl	2,3',4,4',5',6-Hexachlorobiphenyl	0.749425794702634	0.568092751633514	0.58695652173913	54
Triticonazole	Triticonazole	0.259912667207004	0.0702270987205529	0.258064516129032	32
Fenoxaprop-ethyl	Fenoxaprop-ethyl	0.0	0.0	0.0	0
Flutolanil	Flutolanil	0.692638998749819	0.415852628953651	0.583333333333333	7
Tebuconazole	Tebuconazole	0.40071943084063	0.124596747612048	0.192982456140351	11
2,2',3,4,5,5',6-Heptachlorobiphenyl	2,2',3,4,5,5',6-Heptachlorobiphenyl	0.661308204205262	0.422498682351247	0.414414414414414	46
Enilconazole	Enilconazole	0.426224369464128	0.105685128832418	0.210526315789474	12
Isoprocarb	Isoprocarb	0.126178852916742	0.0062133548997885	0.142857142857143	2
Thiobencarb	Thiobencarb	0.0741022645712042	0.0224814516690982	0.185185185185185	5
Dimethomorph	Dimethomorph_isomer2	0.576786727045641	0.163898485697835	0.530612244897959	26
Diflubenzuron	Diflubenzuron	0.793185174394693	0.259150519931835	0.272727272727273	3
Amitraz	Amitraz	0.205604442348102	0.0594113007919095	0.261904761904762	11
2,3',4,4'-Tetrachlorobiphenyl	2,3',4,4'-Tetrachlorobiphenyl	0.0	0.0	0.0	0
Paclobutrazol	Paclobutrazol	0.238450863818689	0.0241572945390083	0.153846153846154	8
2,2',3,3',4,4',5-Heptachlorobiphenyl	2,2',3,3',4,4',5-Heptachlorobiphenyl	0.0	0.0	0.0	0
2,2',3,4,4',5'-Hexachlorobiphenyl	2,2',3,4,4',5'-Hexachlorobiphenyl	0.711600692014388	0.504447639615898	0.531914893617021	50
Benzophenone	Benzophenone	0.254179359700496	0.0700318421696646	0.153846153846154	4
2,3,5,6-Tetrabromo-p-xylene	2,3,5,6-Tetrabromo-p-xylene	0.0157590257475532	0.0001089559301928	0.0416666666666667	3
Fenpropimorph	Fenpropimorph_isomer1	0.0128561047151851	0.0017320685958859	0.2	2
Fenpropimorph	Fenpropimorph_isomer2	0.0275464428494271	0.0042090860168586	0.214285714285714	3
Nuarimol	Nuarimol	0.375972589406	0.249848804745937	0.274509803921569	28
Dimethachlor	Dimethachlor	0.0	0.0	0.0	0
Dioxacarb	Dioxacarb	0.419926110433444	0.119864714233072	0.214285714285714	6
Lilial	Lilial	0.518915429455707	0.283411710015804	0.526315789473684	20
Benzyl benzoate	Benzyl benzoate	0.0206584642596709	0.003144645703825	0.05	1
Zoxamide	Zoxamide	0.831080717635952	0.383193185080228	0.592592592592593	16
2,3,3',4',5,5',6-Heptachlorobiphenyl	2,3,3',4',5,5',6-Heptachlorobiphenyl	0.668784570939965	0.465308216639668	0.495495495495495	55
Metazachlor	Metazachlor	0.0	0.0	0.0	0
Propiconazole	Propiconazole_isomer1	0.388474063502563	0.158356416479788	0.228915662650602	19
Propiconazole	Propiconazole_isomer2	0.681884610117516	0.177944961291202	0.340909090909091	15
Hexaconazole	Hexaconazole	0.214666646913028	0.0673489962339841	0.333333333333333	26
2,2',3,4',5-Pentachlorobiphenyl	2,2',3,4',5-Pentachlorobiphenyl	0.752401622257409	0.499929002899303	0.550561797752809	49
2,3',4,4',5-Pentachlorobiphenyl	2,3',4,4',5-Pentachlorobiphenyl	0.766740640041351	0.487131815199294	0.482758620689655	28
2,2',3',4,4',5-Hexachloro-3-methoxybiphenyl	2,2',3',4,4',5-Hexachloro-3-methoxybiphenyl	0.113305428562581	0.0004090828226931	0.0104166666666667	2
2,2',3,4,5,5'-Hexachlorobiphenyl	2,2',3,4,5,5'-Hexachlorobiphenyl	0.0	0.0	0.0	0
4,4'-Dichlorodiphenyldichloroethylene	4,4'-Dichlorodiphenyldichloroethylene	0.0	0.0	0.0	0
2,2',3,4',5,5',6-Heptachlorobiphenyl	2,2',3,4',5,5',6-Heptachlorobiphenyl	0.0	0.0	0.0	0
Cyproconazole	Cyproconazole_isomer1	0.534329433573366	0.118279259408481	0.256410256410256	10
Cyproconazole	Cyproconazole_isomer2	0.466462565432905	0.0989205635978975	0.222222222222222	8
2,2',3,5,5',6-Hexachlorobiphenyl	2,2',3,5,5',6-Hexachlorobiphenyl	0.0	0.0	0.0	0
Dicofol	Dicofol	0.509031814411584	0.201437654991701	0.0735294117647059	5
2,4-D butyl ester	2,4-D butyl ester	0.339699209819184	0.270976851859986	0.338028169014085	24
Diclobutrazol	Diclobutrazol	0.50148980400487	0.135106019488831	0.28125	18
Oxadixyl	Oxadixyl	0.0353930472128708	0.012690793681158	0.0943396226415094	5
2,4',5-Trichlorobiphenyl	2,4',5-Trichlorobiphenyl	0.0	0.0	0.0	0
Indoxacarb	Indoxacarb	0.372609988596962	0.134558435289364	0.25531914893617	36
Fenhexamid	Fenhexamid	0.15733765026116	0.0626865501021194	0.170212765957447	8
Bitertanol	Bitertanol_isomer1	0.298374812463852	0.087868706145602	0.571428571428571	8
Bitertanol	Bitertanol_isomer2	0.280073120982583	0.0929678641906078	0.357142857142857	10
Bifenazate	Bifenazate	0.348591309295932	0.175302068257046	0.348484848484849	23
Propham	Propham	0.247081075024603	0.0944814710876382	0.214285714285714	3
2,2',3,4,4',5,5'-Heptachlorobiphenyl	2,2',3,4,4',5,5'-Heptachlorobiphenyl	0.68944171471565	0.482328480391936	0.508196721311475	62
Azoxystrobin	Azoxystrobin	0.17296995122863	0.0487931510824626	0.254237288135593	15
Penconazole	Penconazole	0.374886245243467	0.0785111794852939	0.458333333333333	22
Metobromuron	Metobromuron	0.586811931896278	0.409171976409625	0.333333333333333	19
2,3,4,5-Tetrabromo-6-chlorotoluene	2,3,4,5-Tetrabromo-6-chlorotoluene	0.42352141762222	0.0508272486775189	0.127272727272727	14
Benzyl alcohol	Benzyl alcohol	0.0187529509057228	0.0008836240914789	0.117647058823529	2
Metolachlor	Metolachlor	0.0	0.0	0.0	0
4-Methylbenzophenone	4-Methylbenzophenone	0.0714068852504958	0.0207291421631291	0.12	3
Boscalid	Boscalid	0.586438006335781	0.394329731630529	0.391304347826087	18
Alachlor	Alachlor	0.0	0.0	0.0	0
Triclosan	Triclosan	0.379858483802619	0.0877521794309198	0.129032258064516	12
para-Terphenyl	para-Terphenyl	0.766896651945996	0.315133454179887	0.52	13
Linuron	Linuron	0.285300621959186	0.162547792955153	0.123188405797101	17
2,3-Dichlorobiphenyl	2,3-Dichlorobiphenyl	0.0	0.0	0.0	0
Fenpropathrin	Fenpropathrin	0.0650613519230541	0.0163145355540577	0.159420289855072	11
Methiocarb	Methiocarb	0.415032516854768	0.0577052994069867	0.2	4
Isocarbophos	Isocarbophos	0.0921630944085852	0.0377886719366234	0.166666666666667	8
Mexacarbate	Mexacarbate	0.372707732184196	0.222705078581481	0.333333333333333	13
Pyracarbolid	Pyracarbolid	0.62675642033606	0.388140772545573	0.2	2
2,3,3',4',5,6-Hexachlorobiphenyl	2,3,3',4',5,6-Hexachlorobiphenyl	0.692262194915056	0.430478350319439	0.578125	37
Benzyl salicylate	Benzyl salicylate	0.0409211067060219	0.0129613496768437	0.25	2
2,4'-Dichlorodiphenyldichloroethylene	2,4'-Dichlorodiphenyldichloroethylene	0.551231209127545	0.324018044959221	0.566037735849057	30
Tefluthrin	Tefluthrin	0.663245850361734	0.296600327862521	0.538461538461538	14
Pyrimethanil	Pyrimethanil	0.599568032566439	0.0861573663612359	0.538461538461538	7
Trifluralin	Trifluralin	0.0	0.0	0.0	0
Methyleugenol	Methyleugenol	0.406131075451408	0.240736034164224	0.409090909090909	18
Propargite	Propargite_isomer1	0.0992920422844082	0.0261228163845682	0.295454545454545	13
Propargite	Propargite_isomer2	0.0908236747956038	0.0264820424479007	0.342105263157895	13
Tebufenpyrad	Tebufenpyrad	0.407687867680852	0.162205340325552	0.294117647058824	20
Fuberidazole	Fuberidazole	0.684831687007806	0.402606283329253	0.277777777777778	5
Thiabendazole	Thiabendazole	0.736677934708387	0.492294833311604	0.423076923076923	11
Octachlorodibenzo-p-dioxin	Octachlorodibenzo-p-dioxin	0.0203408636094942	0.0002870927154599	0.0431034482758621	5
1,2,3,7,8-Pentachlorodibenzo-p-dioxin	1,2,3,7,8-Pentachlorodibenzo-p-dioxin	0.0	0.0	0.0	0
2,3,7,8-Tetrachlorodibenzo-p-dioxin	2,3,7,8-Tetrachlorodibenzo-p-dioxin	0.0	0.0	0.0	0
1,2,7,9-Tetrachlorodibenzo-p-dioxin	1,2,7,9-Tetrachlorodibenzo-p-dioxin	0.461423886204749	0.233597093152515	0.166666666666667	11
1,2,3,4,6,7,8-Heptachlorodibenzo-p-dioxin	1,2,3,4,6,7,8-Heptachlorodibenzo-p-dioxin	0.0106874149176937	9.3948592494538e-05	0.0357142857142857	4
1,2,3,4,7,8-Hexachlorodibenzo-p-dioxin	1,2,3,4,7,8-Hexachlorodibenzo-p-dioxin	0.0	0.0	0.0	0
Piperonyl butoxide	Piperonyl butoxide	0.338803225838703	0.0264457023143443	0.297297297297297	11
Fludioxonil	Fludioxonil	0.596647097226635	0.378874135567463	0.333333333333333	8
Bendiocarb	Bendiocarb	0.114650230815821	0.0402485983472174	0.230769230769231	3
Safrole	Safrole	0.49732130409964	0.298205209945477	0.464285714285714	13
2,3,7,8-Tetrachlorodibenzofuran	2,3,7,8-Tetrachlorodibenzofuran	0.0	0.0	0.0	0
1,2,3,4,7,8-Hexachlorodibenzofuran	1,2,3,4,7,8-Hexachlorodibenzofuran	0.0	0.0	0.0	0
1,2,7,9-Tetrachlorodibenzofuran	1,2,7,9-Tetrachlorodibenzofuran	0.570126801652427	0.269274921126272	0.333333333333333	17
Octachlorodibenzofuran	Octachlorodibenzofuran	0.0093810736630866	4.36174333620861e-05	0.0222222222222222	2
1,2,3,7,8-Pentachlorodibenzofuran	1,2,3,7,8-Pentachlorodibenzofuran	0.0	0.0	0.0	0
1,2,3,4,6,7,8-Heptachlorodibenzofuran	1,2,3,4,6,7,8-Heptachlorodibenzofuran	0.0	0.0	0.0	0
Galaxolide	Galaxolide	0.0	0.0	0.0	0
Acibenzolar-S-methyl	Acibenzolar-S-methyl	0.200000980205964	0.0140339397048898	0.114285714285714	4
Methabenzthiazuron	Methabenzthiazuron	0.280690374188727	0.148649210076611	0.192307692307692	5
Mefenacet	Mefenacet	0.186131068097268	0.0559748182731028	0.205882352941176	7
Tricyclazole	Tricyclazole	0.584562943751248	0.349819314003661	0.236842105263158	9
Thiofanox	Thiofanox	0.0	0.0	0.0	0
Benalaxyl	Benalaxyl	0.090811417537215	0.0246898360863158	0.363636363636364	12
Vamidothion	Vamidothion	0.0679473295775126	0.0032622372019143	0.0833333333333333	3
Fenamidone	Fenamidone	0.0426740989642583	0.0078033487456618	0.104166666666667	5
Metalaxyl	Metalaxyl	0.0222170095958207	0.0044790877116616	0.0309278350515464	3
alpha-Hexylcinnamaldehyde	alpha-Hexylcinnamaldehyde	0.0	0.0	0.0	0
alpha-Amylcinnamaldehyde	alpha-Amylcinnamaldehyde	0.105638797722407	0.0190883693755572	0.2	10
trans-Cinnamaldehyde	trans-Cinnamaldehyde	0.204774687610516	0.079752838800883	0.2	3
Benzyl cinnamate	Benzyl cinnamate	0.104055946772555	0.0375561111675	0.138888888888889	5
Diniconazole	Diniconazole	0.308838015567019	0.0978472154821694	0.172413793103448	10
alpha-Amylcinnamyl alcohol	alpha-Amylcinnamyl alcohol	0.354528316617602	0.0765702259573281	0.4	16
Cinnamyl alcohol	Cinnamyl alcohol	0.10802985917391	0.0493032711719126	0.275862068965517	8
Carbofuran	Carbofuran	0.214714490328648	0.0874425323783471	0.294117647058824	10
Furathiocarb	Furathiocarb	0.323299208970343	0.142125728199491	0.285714285714286	16
Ethofumesate	Ethofumesate	0.319538578211404	0.252248424237719	0.176470588235294	9
Carbofuran phenol	Carbofuran phenol	0.364731689527486	0.26824460375502	0.288888888888889	13
Chlorferone	Chlorferone	0.0	0.0	0.0	0
Coumarin	Coumarin	0.559681096223731	0.284794053061006	0.4	4
Fenazaquin	Fenazaquin	0.479734044152866	0.0968182616987448	0.631578947368421	12
Fluquinconazole	Fluquinconazole	0.286722856759641	0.0805945701082502	0.555555555555556	20
Bupirimate	Bupirimate	0.224980383048292	0.222823798874803	0.05	3
trans-Cyphenothrin	trans-Cyphenothrin	0.261308853386207	0.025833347960186	0.09375	6
cis-Cyphenothrin	cis-Cyphenothrin	0.267094642831648	0.085601797363404	0.173913043478261	12
Flucythrinate	Flucythrinate_isomer1	0.269858171475201	0.132164611251685	0.356164383561644	26
Flucythrinate	Flucythrinate_isomer2	0.356430165080336	0.0938638823361254	0.278688524590164	17
Mevinphos	Mevinphos	0.115397773752351	0.0450798125573624	0.176470588235294	3
Spiromesifen	Spiromesifen	0.0712308334527008	0.0316439075586029	0.144444444444444	13
Malathion	Malathion	0.0	0.0	0.0	0
cis-Cypermethrin	cis-Cypermethrin_isomer1	0.130103476009845	0.0454242245570422	0.175	14
cis-Cypermethrin	cis-Cypermethrin_isomer2	0.275530105621901	0.0687853400658266	0.168421052631579	16
trans-Cypermethrin	trans-Cypermethrin_isomer1	0.27004262219655	0.0614393198245728	0.166666666666667	12
trans-Cypermethrin	trans-Cypermethrin_isomer2	0.181868592806763	0.043130420675113	0.0921985815602837	13
cis-Fenvalerate	cis-Fenvalerate	0.316520356639652	0.0961744326667387	0.323076923076923	21
trans-Fenvalerate	trans-Fenvalerate	0.275204236861758	0.0974139318322506	0.207317073170732	17
Deltamethrin	Deltamethrin	0.116740981634896	0.0185563156001312	0.0625	9
cis-Cyfluthrin_isomer2	cis-Cyfluthrin_isomer2	0.0975860915810375	0.0185304620728438	0.0561797752808989	5
cis-Cyfluthrin_isomer1	cis-Cyfluthrin_isomer1	0.277589330652256	0.0550167345108845	0.227272727272727	15
trans-Cyfluthrin_Isomer2	trans-Cyfluthrin_Isomer2	0.157975522076008	0.0278603334209832	0.0865384615384615	9
trans-Cyfluthrin_isomer1	trans-Cyfluthrin_isomer1	0.290369085094566	0.0797549861392331	0.233766233766234	18
cis-Permethrin	cis-Permethrin	0.502640746933265	0.212590158101224	0.228571428571429	8
trans-Permethrin	trans-Permethrin	0.514019662693968	0.202300180742142	0.307692307692308	12
cis-Phenothrin	cis-Phenothrin	0.399048996852981	0.12594138479532	0.193548387096774	12
trans-Phenothrin	trans-Phenothrin	0.466732860587478	0.100561439803097	0.236363636363636	13
cis-Prallethrin	cis-Prallethrin	0.0436596907517574	0.006310854709818	0.109090909090909	6
cis-Allethrin	cis-Allethrin	0.183709942691183	0.0702263705422782	0.156862745098039	8
lambda-Cyhalothrin	lambda-Cyhalothrin	0.22765382772588	0.0880213357652532	0.390243902439024	16
2,3-Benzofluorene	2,3-Benzofluorene	0.729790319152683	0.303115190988767	0.428571428571429	9
Hydroxyfluoren-9-one	Hydroxyfluoren-9-one	0.596560621607569	0.340582231045898	0.32	8
Celestolide	Celestolide	0.0	0.0	0.0	0
Traseolide	Traseolide	0.0	0.0	0.0	0
Phantolide	Phantolide	0.0	0.0	0.0	0
Phosmet	Phosmet	0.0	0.0	0.0	0
Rotenone	Rotenone	0.390999923746804	0.142227022718275	0.133333333333333	10
trans-Tetramethrin	trans-Tetramethrin	0.482299768295213	0.177753861009571	0.454545454545455	10
cis-Tetramethrin	cis-Tetramethrin	0.325991749612604	0.0949850734267257	0.146341463414634	6
1,5-Dimethylnaphthalene	1,5-Dimethylnaphthalene	0.0	0.0	0.0	0
Carbaryl	Carbaryl	0.306055982659358	0.175089719428112	0.583333333333333	7
1-Fluronaphthalene	1-Fluronaphthalene	0.853394208495038	0.577037275328287	0.529411764705882	9
Acenaphthene	Acenaphthene	0.590481884723704	0.0820905771945729	0.277777777777778	5
1,4-Naphthoquinone	1,4-Naphthoquinone	0.400717944420924	0.202722763493203	0.137254901960784	7
Fluoranthene	Fluoranthene	0.830342060935606	0.424887691658238	0.588235294117647	10
Benzo(k)fluoranthene	Benzo(k)fluoranthene	0.87928717252897	0.44873761528718	0.777777777777778	14
2,6-Dimethylnaphthalene	2,6-Dimethylnaphthalene	0.0	0.0	0.0	0
2-Methylnaphthalene	2-Methylnaphthalene	0.0	0.0	0.0	0
1,2-Dimethylnaphthalene	1,2-Dimethylnaphthalene	0.0	0.0	0.0	0
1-Methylnaphthalene	1-Methylnaphthalene	0.0	0.0	0.0	0
1-Nitronaphthalene	1-Nitronaphthalene	0.481957601316873	0.375785563769526	0.387755102040816	19
1,3-Dimethylnaphthalene	1,3-Dimethylnaphthalene	0.0	0.0	0.0	0
1,8-Dimethylnaphthalene	1,8-Dimethylnaphthalene	0.0	0.0	0.0	0
Benzo[b]naphtho[2,1-d]thiophene	Benzo[b]naphtho[2,1-d]thiophene	0.747581055614819	0.39857571222895	0.304347826086957	7
1,4-Dimethylnaphthalene	1,4-Dimethylnaphthalene	0.0	0.0	0.0	0
Cycluron	Cycluron	0.0246290067508538	0.0096891515530217	0.0769230769230769	2
Methomyl	Methomyl	0.0	0.0	0.0	0
Dimethoate	Dimethoate	0.0215350563111245	0.001630273504167	0.0909090909090909	3
Terbufos	Terbufos	0.0138460679139078	0.0001438555182906	0.027027027027027	1
Endosulfan	Endosulfan	0.399893324956347	0.101707296258489	0.282051282051282	44
Tris(1,3-dichloro-2-propyl)phosphate	Tris(1,3-dichloro-2-propyl)phosphate	0.0	0.0	0.0	0
Tri-p-cresyl-phosphate	Tri-p-cresyl-phosphate	0.210023391021701	0.130402995428688	0.117647058823529	6
Tris(2-ethylhexyl) phosphate	Tris(2-ethylhexyl) phosphate	0.0141111450405429	0.0028214952787487	0.166666666666667	1
Tris(2-chloroethyl) phosphate	Tris(2-chloroethyl) phosphate	0.193232484400144	0.0266994667253128	0.142857142857143	6
Monocrotophos	Monocrotophos	0.0379247956008077	0.0051291681468817	0.0235294117647059	2
Tris(1-chloro-2-propyl) phosphate	Tris(1-chloro-2-propyl) phosphate	0.038132857600205	0.0007899132203097	0.0882352941176471	3
Tris(isopropylphenyl)phosphate	Tris(isopropylphenyl)phosphate	0.0972285228218665	0.051820639749828	0.135802469135802	11
Tris(3,5-xylenyl)phosphate	Tris(3,5-xylenyl)phosphate	0.226226094949555	0.132953195756474	0.269230769230769	14
Tris(4-tert-butylphenyl) phosphate	Tris(4-tert-butylphenyl) phosphate	0.132579793534009	0.0253712603965636	0.277777777777778	10
Tri-m-cresyl phosphate	Tri-m-cresyl phosphate	0.223259068713906	0.107299507842556	0.18	9
Isodecyl diphenyl phosphate	Isodecyl diphenyl phosphate	0.119003450788418	0.0026960222626234	0.105263157894737	2
Tri-n-butyl-phosphate	Tri-n-butyl-phosphate	0.0	0.0	0.0	0
Dicrotophos	Dicrotophos	0.0563323101666392	0.0304479414382985	0.148148148148148	4
Tris(2-butoxyethyl) phosphate	Tris(2-butoxyethyl) phosphate	0.0308304378968488	0.0041774739762269	0.0512820512820513	2
Triphenyl phosphate	Triphenyl phosphate	0.0760596030568199	0.0126517771401125	0.128205128205128	5
Tri-o-cresyl phosphate	Tri-o-cresyl phosphate	0.149817126516661	0.0542766539956385	0.17741935483871	11
Endosulfan sulphate	Endosulfan sulphate	0.0414958027687628	0.0006413367688966	0.0479041916167665	8
Diazinone	Diazinone	0.0	0.0	0.0	0
Methyl parathion	Methyl parathion	0.0	0.0	0.0	0
Chlorpyrifos	Chlorpyrifos	0.0034396709866496	3.09202518879673e-05	0.0093457943925233	1
Temephos	Temephos	0.188887221400059	0.133145976928469	0.112903225806452	7
1,2,5,6-Tetrabromocyclooctane	1,2,5,6-Tetrabromocyclooctane	0.0	0.0	0.0	0
1,1-Dibromo-2,3,3,4,4,5-hexachloro-2-cyclopenta-2,4-dien-1-ylcyclooctane	1,1-Dibromo-2,3,3,4,4,5-hexachloro-2-cyclopenta-2,4-dien-1-ylcyclooctane	0.0217467897514424	0.0004220501711621	0.0337078651685393	9
Pirimicarb	Pirimicarb	0.56752693649084	0.22446599890214	0.3	6
Cashmeran	Cashmeran	0.356839334387365	0.151078721839793	0.230769230769231	15
Spiroxamine	Spiroxamine_isomer1	0.0	0.0	0.0	0
Spiroxamine	Spiroxamine_isomer2	0.0	0.0	0.0	0
Quinoxyfen	Quinoxyfen	0.216178627737538	0.0955267255352674	0.209302325581395	9
Acephate	Acephate	0.0955857156173726	0.0075513003751496	0.0152671755725191	2
Eucalyptol	Eucalyptol	0.220472384834047	0.116556539258377	0.242424242424242	8
cis-Heptachlor epoxide	cis-Heptachlor epoxide	0.0008688598282877	1.70426428851182e-06	0.005181347150259	1
7,12-Dimethylbenz[a]anthracene	7,12-Dimethylbenz[a]anthracene	0.0529024957991516	0.0001882578826823	0.0178571428571429	1
Perylene	Perylene	0.794713895650187	0.302309494256002	0.473684210526316	9
1-Methylphenanthrene	1-Methylphenanthrene	0.71320413491919	0.361041518197687	0.37037037037037	10
Benzofluoranthene	Benzofluoranthene	0.879909803795228	0.407598399313234	0.6875	11
Dibenzanthracene	Dibenzanthracene	0.857257571518902	0.353224458671165	0.681818181818182	15
Triphenylene	Triphenylene	0.728673302319879	0.33364320882178	0.476190476190476	10
1,4-Chrysenequinone	1,4-Chrysenequinone	0.384377240377744	0.192254441518801	0.116788321167883	16
Hydroxychrysene	Hydroxychrysene	0.421476728106776	0.246640981820946	0.2	8
Benzanthracene/Benzophenanthrene	Benzanthracene/Benzophenanthrene	0.730814611023438	0.351106905874387	0.44	11
Benzo[ghi]fluoranthene	Benzo[ghi]fluoranthene	0.787405609564607	0.421243792248962	0.611111111111111	11
Phenanthrene	Phenanthrene	0.787752788566124	0.436403127990689	0.421052631578947	8
Triadimenol	Triadimenol_isomer1	0.116712941988469	0.0137724264780793	0.166666666666667	9
Triadimenol	Triadimenol_isomer2	0.0881696090207212	0.0041763673454463	0.0431034482758621	5
Propoxur	Propoxur	0.0986681126658469	0.0068465915700936	0.285714285714286	2
2-Bromoallyl(2,4,6-tribromophenyl) ether	2-Bromoallyl(2,4,6-tribromophenyl) ether	0.0069663808750307	0.0005088477926016	0.0194174757281553	2
Allyl 2,4,6-tribromophenyl ether	Allyl 2,4,6-tribromophenyl ether	0.0011830335979423	8.96950071559171e-06	0.0059523809523809	1
Triadimefon	Triadimefon	0.458600278782636	0.0631842696768323	0.215686274509804	11
Estragole	Estragole	0.546464715809676	0.386077515900254	0.448275862068966	13
Kresoxim-methyl	Kresoxim-methyl	0.370208359207701	0.122173819204695	0.310344827586207	9
Isoeugenol	Isoeugenol	0.40346805447046	0.280414167908886	0.255813953488372	11
2,4,6-Tribromophenol	2,4,6-Tribromophenol	0.467522814240756	0.378888153616749	0.223529411764706	19
2-tert-Butyl-4-methoxyphenol	2-tert-Butyl-4-methoxyphenol	0.428088028461644	0.259491870393726	0.285714285714286	14
Eugenol	Eugenol	0.416869051377547	0.280858590437468	0.288888888888889	13
Endrin	Endrin	0.0030058761048932	9.25422757885644e-06	0.0080971659919028	2
Camphor	Camphor	0.0421210561932625	0.0121973857556947	0.19047619047619	4
Mirex	Mirex	0.57222038688476	0.308756621536413	0.674418604651163	58
Endrin aldehyde	Endrin aldehyde	0.343878625394405	0.16083818389207	0.232974910394265	65
Enzacamene	Enzacamene	0.423693805583716	0.234689187147953	0.406779661016949	48
Endrin ketone	Endrin ketone	0.0211159241537921	0.0001562895606683	0.0170940170940171	4
Isomethyl-alpha-ionone	Isomethyl-alpha-ionone	0.198304585068636	0.0689347731598455	0.40625	13
delta-Iraldeine	delta-Iraldeine	0.676830668963407	0.120976273871959	0.612903225806452	19
Retene	Retene	0.683727719480712	0.393123536371047	0.651162790697674	28
Ipconazole	Ipconazole	0.0565846622863882	0.0113194950591853	0.13768115942029	19
trans-Resmethrin	trans-Resmethrin	0.283745785958931	0.112983798162818	0.372881355932203	22
cis-Resmethrin	cis-Resmethrin	0.242064878844269	0.0920326594954328	0.189189189189189	14
Citral (Geranial)	Citral (Geranial)	0.0346207119510579	0.0160179011259891	0.0666666666666667	3
Limonene	Limonene	0.0480807365391956	0.0213361270624404	0.375	9
Metconazole	Metconazole	0.222152825625327	0.0735026097935487	0.166666666666667	21
Pyrene	Pyrene	0.852252971687877	0.448842102079642	0.6875	11
Benzo(a)pyrene	Benzo(a)pyrene	0.753093039611545	0.34444740012342	0.416666666666667	10
Benzo(g,h,i)perylene	Benzo(g,h,i)perylene	0.783181909121458	0.335315846711733	0.5	10
Indeno[1,2,3-cd]pyrene	Indeno[1,2,3-cd]pyrene	0.767779281426082	0.376694103206016	0.409090909090909	9
Benzo[e]pyrene	Benzo[e]pyrene	0.753608711665831	0.400516226810684	0.565217391304348	13
Coronene	Coronene	0.475487076320931	0.146834144391148	0.106382978723404	5
Anthanthrene	Anthanthrene	0.466522572767109	0.235487692556746	0.134328358208955	9
Chlorpyrifos oxon	Chlorpyrifos oxon	0.0131937426733824	0.0010682550157949	0.032258064516129	3
17-alpha-Ethynylestradiol	17-alpha-Ethynylestradiol	0.432132597789376	0.224863269870746	0.435643564356436	44
Estrone	Estrone	0.592783098083104	0.352341191589527	0.443181818181818	39
Testosterone	Testosterone	0.269730074959498	0.117782860432583	0.346153846153846	45
Progesterone	Progesterone	0.334579768033309	0.17879823156304	0.333333333333333	56
17-beta-Estradiol	17-beta-Estradiol	0.6226533281304	0.293670953826682	0.447761194029851	30
Epoxiconazole	Epoxiconazole	0.0747227337772308	0.0054706542721085	0.0930232558139535	8
Praziquantel	Praziquantel	0.264070810379241	0.0365934171330439	0.140350877192982	8
Tonalide	Tonalide	0.581828706137543	0.3014612341721	0.608695652173913	28
Buprofezin	Buprofezin	0.0085300617690258	0.0016604660773503	0.0487804878048781	4
Metribuzin	Metribuzin	0.544569174636627	0.0299780069158762	0.0606060606060606	2
Prometryn	Prometryn	0.476876326706734	0.387308048468224	0.2	11
Terbumeton	Terbumeton	0.328716543453114	0.194527121354065	0.142857142857143	7
Methoprotryne	Methoprotryne	0.118048211459894	0.0636487393967776	0.196428571428571	11
Terbutryn	Terbutryn	0.39046206341713	0.216459047847578	0.163265306122449	8
Prometon	Prometon	0.39698088346418	0.320269486929621	0.191489361702128	9
Simetryn	Simetryn	0.503414193767459	0.309991530832543	0.18	9
Atrazine	Atrazine	0.0	0.0	0.0	0
Ametryn	Ametryn	0.51634320710499	0.378111529361856	0.246153846153846	16
Secbumeton	Secbumeton	0.400238437570253	0.273339990028185	0.394736842105263	15
trans-Chlordane	trans-Chlordane	0.0068337480025101	0.0001143918813748	0.0142857142857143	2
cis-Chlordane	cis-Chlordane	0.003230274905907	2.66344619546905e-05	0.0126582278481013	2
Heptachlor	Heptachlor	0.0050057562388156	0.0001988430036925	0.0148148148148148	2
Aldrin	Aldrin	0.0301276366152278	0.0003583643957734	0.0180722891566265	3
syn-Dechlorane plus	syn-Dechlorane plus	0.107630465431331	0.000595363990355	0.0559006211180124	9
anti-Dechlorane plus	anti-Dechlorane plus	0.0	0.0	0.0	0
2,4'-Dichlorodiphenyltrichloroethane	2,4'-Dichlorodiphenyltrichloroethane	0.0	0.0	0.0	0
4,4'-Dichlorodiphenyltrichloroethane	4,4'-Dichlorodiphenyltrichloroethane	0.0	0.0	0.0	0
